,User,Tweet
0,trumpistan45,"@GOP @RNCLatinos What have you done besides never condemning Trump for calling Hispanics rapists, murderers, drug dealers, and covid spreaders?"
1,Loves4soccer,RT @AlegreBengali: ResultÃ³ mÃ¡s perjudicial para la economÃ­a el PETRO-22 que el COVID-19.
2,keynne_almeida,RT @BlogdoNoblat: O programa de Bolsonaro na TV pega pela metade uma frase de Lula sobre a pandemia e a apresenta como prova de que Lula erâ€¦
3,jaime_concejal,RT @indignadocol1: Una funcionaria de Pfizer admite ante el Parlamento europeo que la vacuna COVID no fue probada para certificar que evitaâ€¦
4,ronny_oficial1,RT @MarcianoBrito13: @felipeneto Bolsonaro duvidou mais uma vez dos nÃºmeros da pandemia e perguntou quem conhecia alguÃ©m que perdeu o filhoâ€¦
5,JoeFeagin,"RT @kathrynsbach: Most likely to support continued mask wearing: Black people, and people making &lt;$40K / year. Black ppl also more likely tâ€¦"
6,saverior5,https://t.co/vBQAV3ao2T
7,RadRaffff,"RT @DeeBlockDavo: That Monkeypox shit flopped terribly
COVID was out here averaging a triple double"
8,jr_k22,RT @julianadalpiva: Que tristeza ver uma jornalista no horÃ¡rio eleitoral ajudar a difundir a mentira de que o Brasil nÃ£o poderia ter iniciaâ€¦
9,LeilaThie,RT @julianadalpiva: Que tristeza ver uma jornalista no horÃ¡rio eleitoral ajudar a difundir a mentira de que o Brasil nÃ£o poderia ter iniciaâ€¦
10,captainwonkish,"@MizzHarlemNYC @leperkperk @jiggyjayy2 The COVID vaccines do lower your odds of getting infected, but what they do amazingly well is make you *multiple times* less likely to get seriously ill or die, a bit like how the rotavirus vaccine is explicitly tested for how well it protects against gastroenteritis caused by it https://t.co/07zaYyHhrI"
11,TotallyCanc3l3d,"@TaNaishaJ I have been covid free since Nov 2020 when I had Covid. Several VERY closed exposures like sick relatives who live with me or came home to spend time while sick (to be cared of)

knocking on wood"
12,helder8515Dias,RT @JanjaLula: Perdi minha mÃ£e para o Covid e a dor ainda estÃ¡ aqui comigo. Fico pensando na mÃ£e que perdeu seu filho ou filha para a Covidâ€¦
13,Mattmur02987686,"RT @TonyLam54: Dictator @justintrudeau in 7 years has doubled the deficit.  Spending more than all other PM's combined.

And what do we havâ€¦"
14,11setembro,RT @Samara955110671: https://t.co/V3zHuzffQO https://t.co/eZNVdalidM
15,VlietVoteBlue,RT @rlindalucia: @tobymorton @Bennett10379650 Elise Stefanik is touting $12.9 million to support rural hospitals in her district. The sourcâ€¦
16,malcontentminis,"RT @unusual_whales: China's COVID-19 measures are the best, most cost-effective and will continue to improve, a spokesman for the ruling Coâ€¦"
17,Sr_nulo,"RT @LeonelRadde: Felipe Neto foi certeiro.

Bolsonaro MENTIU MAIS UMA VEZ desprezou todas as crianÃ§as que morreram por Covid-19. Por causaâ€¦"
18,viixxixmcmxci,"#TwoWitches made during COVID, is a silly, creepy and gory story split in 2 chapters. The first chapter is of The  Boogeywoman whoâ€™s hungry for babies, while the second chapter focuses on obsessed Masha. https://t.co/mXQAfhGu9E"
19,markku60906522,"RT @mildanalyst: Itâ€™s happening ğŸ”¥

Masks recommended in Pittsburgh Public Schools as COVID community level rises  https://t.co/qXSsYJie92"
20,leap441,"RT @DataDrivenMD: First, some context: Today, the White House's COVID data lead casually dropped a *major* bombshell by noting that two *veâ€¦"
21,81_dvf812,@81oficial_dvf @GNBVCostera @vladimirpadrino La Covid-19 no es una gripe ğŸ˜· cuidÃ©monos
22,anphoton,RT @CTVNews: Canadians urge to not let their guard down as COVID-19 hospitalizations rise https://t.co/pKV4DRpUVN https://t.co/s5l4XVOgPX
23,Aletheia26,"@TheHonestS ""The mRNA vaccines do not prevent the transmission of Covid-19"". - Everyone in 2022"
24,LittleTeaAddict,"@DeadlegCyborg J'ai peur d'un dÃ©sastre. Entre les possibles effets secondaires, erreurs de dosages etc... plus on utilise d'antibio, plus on y dÃ©veloppe des rÃ©sistances non? alors que le covid coure toujours..
DÃ©jÃ  que les professionnels de santÃ© peuvent aussi se tromper alors des particuliers"
25,Bobinska,"@TinaDuryea Have to wait two months, post Covid, for shot #5 but you can bet Iâ€™m going to get it."
26,SeattleMariNERD,RT @MarinerMuse: Iâ€™ve been at Sluggerâ€™s for 6 hours. This is not a place you should be for 6 hours. Iâ€™m definitely getting Covid.
27,TravAlvord,"@yeky83 @ReverendToad @TruettGlen @William_E_Wolfe There's no reason you would ever use 3410. If you did, you'd be assessing vaccine efficacy *against all illness,* which not surprisingly, it doesn't have. ""Suspected but unconfirmed"" is a completely irrelevant metric for the analysis of VE against COVID."
28,el_rolx,"RT @Dakota_150: ""As Long COVID wreaks havoc on people and the workforce, experts call for more support""

â€œThe impact of Long COVID has beenâ€¦"
29,KitUy1116,"RT @CristianTerhes: BREAKING! 

#COVID Committee Chair in the @Europarl_EN, @kvanbrempt just pointed out some BIG problems related to @vondâ€¦"
30,rousymariav,@SectorSalud @Bogota Que casualidad que los que no caÃ­mos en la trampa de las inoculaciones del Covid no estamos pasando estas infecciones. Casualidad total.
31,PatriotCzar,RT @JamieSale: COVID-19 is 7 times more dangerous for myocarditis than vaccine: study https://t.co/l7YxpBw1xS Just keep digging yourselvesâ€¦
32,skysira,RT @Cernovich: Official fact checkers are claiming that no one said that the vaccine would prevent the transmission and spread of Covid.â€¦
33,Manolin57661427,"RT @Jadouken10: El otro dÃ­a dijeron que en Europa y USA, durante todo el aÃ±o 2021 murieron mÃ¡s gente por covid  (60% vacunados al finalizarâ€¦"
34,Villepontouxph3,@EmSchaf @AQuatennens Il a attrapÃ© le nouveau variant du covid celui qui donne la diarrhÃ©e. ğŸ˜Š
35,Maranco5,RT @sershus: Vieron que la vida post COVID (ni siquiera es que ya no hay Covid) es igual a pre-covid? CuÃ¡nto verso nos metieron
36,J2No68,"Shock &amp; Awe! They found a new variant that seems to be resilient against all the vaxes &amp; boosters. They extended the COVID Scandemic Emergency another 90 days! The face diapers, test sites, &amp; jabs will be back! FYI: Democrat Governors love lockdowns! 
https://t.co/40tP5q9fKC"
37,shntzl,"@telecommoner ""micro agression"" is the new ""long covid"""
38,Yanely_1996,"RT @Frankcastiblan: #PoetasDePazEnVenezuela
Cuidate del covid y cuida de tus seres queridos.."
39,Lynnehellothere,"RT @megbasham: â€œA fact-check by USA Today in Nov 2021, titled â€˜Fact check: Vaccines protect against contracting, spreading COVID-19,â€™ quoteâ€¦"
40,marcosf72,"RT @Mike_Oviedo: Hace un aÃ±o @DeniseDresserG crÃ­ticaba que AMLO comprara la vacuna rusa Sputnik por no estar autorizada, como una especie dâ€¦"
41,GamChampion,RT @OmarRiverosays: BREAKING: The U.S. Treasury Department launches an investigation into Florida Republican Governor Ron DeSantis for usinâ€¦
42,marilyncole5,https://t.co/9Biz0h9hS1 Please retire.
43,DeanSmi47962704,"@Wilma98864083 We need more like you to say enough is enough. 

Well done for saying no to the covid jab."
44,mamav7777,RT @theresaboyle: A doctor in one of Canadaâ€™s long-COVID clinics on the real dangers of the diagnosis - https://t.co/gdJh9eBXrg https://t.câ€¦
45,Mirielthon,RT @delucca: 700 mil mortos pela COVID-19 / AtuaÃ§Ã£o no horÃ¡rio eleitoral https://t.co/v1LUrJwc0O
46,lanning_erin,50% increase in miscarriages; 50% decrease in fertility after COVID vax https://t.co/rjvxckteRx
47,lolis1999,"RT @HectorRossete: Es muy importante que los gobiernos estatales entiendan que la pandemia no ha terminado, tienen que ser cautelosos con eâ€¦"
48,mystic152,"RT @Antoine_Gavory: Crise du Covid : Â« Les premiers quâ€™on devrait mettre en accusation câ€™est lâ€™ordre des mÃ©decins Â», pointe lâ€™historien Fabâ€¦"
49,Sebastian_RLler,"RT @claushot: yo invitando cerveza de mi vaso como si no siguiera el covid, quiÃ©n soy"
50,alejandropc243,"Nataly Villavicencio desembarcÃ³ en Deportivo Cuenca durante la Pandemia de Covid-19. 

âœ…LiderÃ³ la salvaciÃ³n econÃ³mica e institucional a pesar de mantener riesgo de desapariciÃ³n. 
âœ…SalvÃ³ la categorÃ­a en 2021 y 2021. 
âœ…CertificÃ³ la clasificaciÃ³n a Copa Sudamericana 2023. https://t.co/tRIEP40AxB"
51,ar11177117,"RT @adnanbeteha: @mattryesciguy @sruuaw @UCSF nice, wish there was more solidarity with disabled student workers too! masking is still incrâ€¦"
52,ivanmalik_,"RT @DeeBlockDavo: That Monkeypox shit flopped terribly
COVID was out here averaging a triple double"
53,juli_bg_bs,"RT @MdFacep: Of the 128 patient That I admitted over the past 2 months, zero (none) had a positive #Covid_19 screen test on admission.

Allâ€¦"
54,Daring4Joy,RT @gregggonsalves: Thank you to @JoanneKenen. This is a public service. No one seems interested in hearing about the continued threat of #â€¦
55,xiaoyaojing_945,"RT @fengyunshe: ç§‘å­¦å®¶è¯´ï¼Œâ€œè¿åŠ¨ä¸è€å—â€æ˜¯é•¿æœŸCovidç—‡çŠ¶
â€œè¿åŠ¨ä¸è€å—â€çš„äººé”»ç‚¼åƒåŠ›ï¼Œ40å²çš„äººä¼šåƒâ€œäº”åå¤šå²çš„äººâ€ä¸€æ ·è·‘æ­¥æˆ–éª‘è‡ªè¡Œè½¦ï¼Œå¯ä»¥å¤ºèµ°åå¹´çš„èº«ä½“å¥åº·ï¼Œä¼°è®¡æœ‰1600ä¸‡ç¾å›½äººå’Œ200ä¸‡è‹±å›½äººæ‚£æœ‰è¿™ç§ç–¾ç—…ï¼Œæ­¤å¤–å¤´ç—›ã€ç–²åŠ³å’Œè„‘é›¾æ˜¯æœ€å¸¸è§çš„ç—‡çŠ¶ã€‚httpsâ€¦"
56,Valgone,"RT @aragon_jb: ğŸ‡«ğŸ‡·Paris Manifestation 15 octobre 2022 en soutien aux personnels exclus, privÃ©s de tout droit et abandonnÃ©s dans le cadre deâ€¦"
57,Robertto_SCCP,RT @BlogdoNoblat: O programa de Bolsonaro na TV pega pela metade uma frase de Lula sobre a pandemia e a apresenta como prova de que Lula erâ€¦
58,MichelBenSilva,"@RicardoGalante8 JÃ¡ vi que vc alÃ©m de analfabeto funcional assim como seu presidente miliciano, vc tambÃ©m Ã© um negacionista que nÃ£o acredita nas vacinas contra a covid.  Gente como vc faz parte da escÃ³ria da sociedade brasileira,sendo um reflexo de Bolsonaro."
59,stargazersasha,"RT @EgoRecreational: COVID isn't just still here, it's literally worse than it was before. We're just not taking it seriously on the stateâ€¦"
60,adriiismith,Covid rships was a real thing
61,LindCalgary,RT @PierrePoilievre: Trudeau loves to blame COVID for his doubling the debt. But nearly 1/2 of new spending the past 2 years had no link toâ€¦
62,ChatChaiPromrat,"RT @thaihealth: à¸Šà¸§à¸™à¸ªà¹ˆà¸­à¸‡ 6 à¸—à¹ˆà¸²à¸šà¸£à¸´à¸«à¸²à¸£à¸›à¸­à¸”à¸Ÿà¸·à¹‰à¸™à¸Ÿà¸¹à¸ à¸²à¸§à¸° Long Covid  

à¸­à¹ˆà¸²à¸™à¸•à¹ˆà¸­à¸—à¸µà¹ˆ...https://t.co/LVq0QDM3Uu

#à¸ªà¸ªà¸ª #thaihealth #à¸ªà¸·à¹ˆà¸­à¸ªà¸²à¸£à¸ªà¸¸à¸‚ #LongCoviâ€¦"
63,Frozenbaugh,Court revives student's COVID-related lawsuit against Ball State https://t.co/FjWAsUa0nF via @thestarpress. All for this.
64,cauzin05,"@BornToRebellion @lybrjack fora que agora, passado a epidemia do covid a taxa de desemprego estÃ¡ 9,1%, bem mais baixa do que no governo dilma onde a reforma trabalhista ainda n tinha sido feita."
65,ganpat199415,RT @abhishGa: #CHA stands for #CovidHealthAssistant CHA staff are the one's who risked their lives(more than 15 passed away)during COVID crâ€¦
66,aqbastian,"@txtfrombrand Pake asuransi yg cici2 di video itu, sejauh ini servicenya bagus dan waktu dirawat karena covid helpful bgt"
67,sollulahaddad,"RT @FredericoFDutra: Pela reeleiÃ§Ã£o ele chorou, mas pelos 700 mil mortos por Covid ele nunca chorou. Pelo contrÃ¡rio,  debochou!"
68,FRITZ70934918,"RT @katjabraendle: Seit der AnhÃ¶rung von Pfizer im EU-Parlament wissen es alle: Ob die Impfstoffe eine Ãœbertragung verhindern kÃ¶nnen, wurdeâ€¦"
69,TheMikeStorm,RT @PierrePoilievre: Trudeau loves to blame COVID for his doubling the debt. But nearly 1/2 of new spending the past 2 years had no link toâ€¦
70,looice,RT @kwok_xian: Have you known anyone who died of Covid or got Long Term Covid   ?
71,Y2theK,RT @TheEliKlein: @BarryHunt008 This chart is a reminder that Covid misinformation is acceptable as long as it leans towards fear mongering.
72,Tayneww20,"RT @dapidud_: ğŸ¤µâ€â™‚ï¸: Kalian ngapain aja pas outbreak Covid?
ğŸ»â€â„ï¸: Aku nyoba bikin macaron 5 kali. Tapi semuanya ga ngembang (bantet) ğŸ¥º. Jadiâ€¦"
73,consent_mfgred,"RT @JoyAndDefiance: I know I post this every few weeks, but it's really striking that Cuba's apparent near-total elimination of COVIDâ€”dailyâ€¦"
74,chilchil_imai,"RT @generection1: ãˆã£ï¼ï¼Ÿ

ã“ã“10æ—¥ãã‚‰ã„ã§ãƒ‰ã‚¤ãƒ„ãƒ»ãƒ•ãƒ©ãƒ³ã‚¹ã®COVID-19æ„ŸæŸ“ç—‡ã«ã‚ˆã‚‹æ­»è€…ã®å‰²åˆã€ä¸€æ°—ã«2å€ãã‚‰ã„ã«å¢—ãˆã¦ã‚‹ã®ï¼ï¼Ÿ

ãˆã£ï¼ï¼Ÿ
ãˆã£ï¼ï¼ŸğŸ¥ºğŸ¥ºğŸ¥º

æ™®é€šã«ãƒ¤ãƒã„ã‚„ã¤ã‚„ã‚“â€¦ğŸ˜±ğŸ˜± https://t.co/rDr3d6D5KU"
75,choeymoment,covid better give me a defined jawline after all the coughing iâ€™ve been doing
76,augustweet,"@Froidiana_75 @Rafael_Wontolla @doctormacias No, no es dificil de entender, mascarilla en pequeÃ±os es perjudicial para su desarrollo neurolÃ³gico, y vuelvo a lo mismo: los niÃ±os casi no tienen receptores ACE2 en tejidos, usado por el COVID para infectar, un adulto con comorbilidades sÃ­ tiene. https://t.co/VkbdNYWNl2"
77,DomGrant88,"RT @ClareCraigPath: Keep sharing this one.

Western European countries in the European Mortality surveillance tool Euromomo, have had moreâ€¦"
78,SQLGinger,"Covid isnâ€™t over. And unfortunately this means that disabled, chronically ill and medically sensitive folks are being left behind precisely when it feels like our voices arenâ€™t being listened to."
79,Alliandre,"RT @mildanalyst: Itâ€™s happening ğŸ”¥

Masks recommended in Pittsburgh Public Schools as COVID community level rises  https://t.co/qXSsYJie92"
80,onsica,rhinitis on a sunday morning. thank you covid. itâ€™s been a whole year but thanks
81,dedekozo,RT @rossacrosswi: Does anyone have the clip of @michelsforgov calling us all lazy for living through COVID? How can the media not be callinâ€¦
82,Peter99828270,"RT @rtenews: As Covid case numbers rise again, @FergalBowers looks at the possibility of mandatory mask wearing on public transport returniâ€¦"
83,RaymondGoossen,"RT @CristianTerhes: BREAKING! 

#COVID Committee Chair in the @Europarl_EN, @kvanbrempt just pointed out some BIG problems related to @vondâ€¦"
84,JcBw13,"RT @marco_prevato: Aqui moÃ§a... Agora me mostra um vÃ­deo do Bolsonaro se solidarizando com um pessoa que perdeu um familiar, amigo ou conheâ€¦"
85,xiaoyaojing_945,RT @AussieBrief: https://t.co/Eo1JsMNfLu
86,DomGuerra22,"RT @fringecannada: @CTVNews Hospitals have had three years to improve. 

COVID is never going to go away. Vaccines donâ€™t work. 
However treâ€¦"
87,classy_cutie03,"RT @DeeBlockDavo: That Monkeypox shit flopped terribly
COVID was out here averaging a triple double"
88,beinlibertarian,"RT @HannahDCox: Things Iâ€™d like to see investigated 100 times more than stupid Jan 6th:

â€¢COVID origins
â€¢Epstein client list
â€¢NSAâ€™s spyingâ€¦"
89,FranciscoM2323,"RT @biobio: Chile anota mÃ¡s de 4.700 nuevos casos de covid, 15 fallecidos y casos activos escalan a 17.801  https://t.co/3LAzPOy49b"
90,TRYNYGARCYA,"RT @HectorRossete: Es muy importante que los gobiernos estatales entiendan que la pandemia no ha terminado, tienen que ser cautelosos con eâ€¦"
91,Sgt_Pimenta4,RT @julianadalpiva: Que tristeza ver uma jornalista no horÃ¡rio eleitoral ajudar a difundir a mentira de que o Brasil nÃ£o poderia ter iniciaâ€¦
92,celestial157,"RT @EgoRecreational: COVID isn't just still here, it's literally worse than it was before. We're just not taking it seriously on the stateâ€¦"
93,BinxMerle,@Reelhousewife1 @tualgorithm Iâ€™ve heard the same! But Iâ€™ve had Covid twice and now I have long Covid! Avoid it if you can!
94,XYVentura,RT @xbtGBH: Lana Del Rey getting fat did more damage to humanity than all of covid combined
95,crispus2020,"@dbdailey88 @Marckovvvvv2 @CTVNews well, I worked in ICU/ER for 35 years. retired now, but what I saw happening was horrifying. There is no doubt in my mind that covid is far and away more dangerous than the vax by a mile. this winter is going to change everything"
96,AiresGalhego,"RT @CissaBailey: ğŸ”¥ğŸ”¥- Membro do Parlamento Europeu: â€œOs testes clÃ­nicos de vacinas de Covid comeÃ§aram antes da pandemia, como isso Ã© possÃ­veâ€¦"
97,bluefroggy84,RT @courtneymilan: I just saw a tweet in which someone was scoffing at COVID protections by saying â€œare you afraid of dying in a car accideâ€¦
98,Anggita_lung,"@riea_mariska86 @Revenge00810455 Vaksinasi covid-19 berguna untuk kekebalan tubuh sehingga dapat menangkal penyebaran covid-19 varian omicron BA.4 dan BA.5 
#TetapProkesCovidBelumUsai"
99,ThatSadCat3,@JoJoFromJerz @POTUS All of these are trash. And the same one is repeated like 4 times. The jobs comment. It was gunna happen anyways cause the economy was recovering after covid cause money printing.
100,Candy02648207,"RT @caoakland11: The executives from Pfizer and Moderna, including government officials like Dr. Fauci were rolling the dice with the Covidâ€¦"
101,LisaMar91564392,RT @PierrePoilievre: Trudeau loves to blame COVID for his doubling the debt. But nearly 1/2 of new spending the past 2 years had no link toâ€¦
102,BimalaBehera3,RT @KIMSBBSR: #KIMS Bhubaneswar Community Medicine Dept observed Global Hand Washing Day 2022 at the Immunization Clinic and Urban Health aâ€¦
103,shoots_z,"@HarveyWall15 @bootyz333 @dr_jon_l @rachelschraer As Rachel says, later studies (not part of clinical trials!) did show reduced transmission. After that authorities were more confident using less chance of passing virus on as extra reason to get vaccinated- until new variants changed the equation again https://t.co/z5Wm1m0EXh"
104,pfuckOpf,"RT @Carol_Makandi: Now it turns out Pfizer didn't even test if its vaccine was preventing Covid transmission. 
However, Pfizer CEO lied toâ€¦"
105,Enrich1934,"RT @NathalieS008: Ce soir au menu.
Hamburger au covid long.
Pour dessert une paralysie faciale glacÃ© Ã  vanille."
106,SweetBeakz,@covid_parent Iâ€™m a useful idiot sometimes ğŸ¤£
107,valroprado1,RT @julianadalpiva: Que tristeza ver uma jornalista no horÃ¡rio eleitoral ajudar a difundir a mentira de que o Brasil nÃ£o poderia ter iniciaâ€¦
108,LascauxJose,"RT @MeCkisayandCo: https://t.co/FTWIt6DKAP

DÃ©claration de Blanquer reprise en tte dÃ©contraction par les """"mÃ©dias""""."
109,U_Got_Moxie,https://t.co/TLEuTAQJ6e
110,Akomeng6,"RT @catatankaqihati: Segera vaksin, agar kekebalan kelompok bisa segera terwujud dan Indonesia bisa terbebas dr covid 19.
Jangan tunda lagiâ€¦"
111,WrpPatrick,"RT @Rob_Roos: ğŸš¨ BREAKING:

In COVID hearing, #Pfizer director admits: #vaccine was never tested on preventing transmission.

""Get vaccinateâ€¦"
112,IlMagodiIos,"RT @OpenFactCheck: In questi giorni Ã¨ circolata una falsa narrazione sui vaccini e il Green pass scatenata da un eurodeputato olandese, Robâ€¦"
113,neotkdt8,"RT @maiti_86: æ—¥æœ¬å…ç–«å­¦ä¼šã®HPã€‚
ã€Œæ„ŸæŸ“æ‹¡å¤§ã‚’æ­¢ã‚ã€é‡ç—‡åŒ–ã‚’é˜²ããŸã‚ã«ã¯ãƒ¯ã‚¯ãƒãƒ³æ¥ç¨®ãŒæœ‰åŠ¹ã€ã€‚
æ„ŸæŸ“é˜²æ­¢åŠ¹æœã‚’å‰æã«é›†å›£å…ç–«ã€Œä»®èª¬ã€ã‚’è§£èª¬ã€‚
å¿ƒç­‹ç‚ãªã©ã®èªã‚ã‚‰ã‚ŒãŸå‰¯åå¿œã«ã¤ã„ã¦ã‚‚è¨˜è¼‰ãªã—ã€‚
ã“ã‚ŒãŒç¾æ™‚ç‚¹ã§ã®æ—¥æœ¬å…ç–«å­¦ä¼šã®ã‚³ãƒ³ã‚»ãƒ³ã‚µã‚¹ãªã®ã‹?
ã‚¢ãƒƒãƒ—ãƒ‡ãƒ¼ãƒˆãŒå¿…è¦â€¦"
114,derbybbb,"RT @DanielHadas2: The debate over whether, when, and to what extent lies were told about Covid vaccines preventing transmission misses a ceâ€¦"
115,mdi_necoco,"RT @SukunaBikona7: ã™ã”ã„ã€‚
æ±äº¬éƒ½ãŒã‚³ãƒ­ãƒŠå¾Œéºç—‡(long COVID)ã«å¯¾å¿œå¯èƒ½ãªåŒ»ç™‚æ©Ÿé–¢ä¸€è¦§ã‚’å‡ºã—ã¦ã„ã‚‹ã€‚
å¯¾å¿œå¯èƒ½ãªç—‡çŠ¶ã‚„æ¤œæŸ»ãªã©ã®æƒ…å ±ã‚‚ã€‚
https://t.co/PGOmmkho6e https://t.co/GbhMDuMIha"
116,threefret,"RT @MIKITO_777: ã“ã®2å¹´åŠã§ã®G7ã®äººå£å½“ãŸã‚Šã®ç´¯è¨ˆCOVIDæ­»äº¡æ•°ã®ã‚°ãƒ©ãƒ•ã§ã™ã€‚

å”¯ä¸€ãƒ­ãƒƒã‚¯ãƒ€ã‚¦ãƒ³ã‚’ã—ãªã‹ã£ãŸæ—¥æœ¬ãŒã€åœ§å€’çš„ã«æ­»è€…ã‚’æŠ‘ãˆè¾¼ã‚“ã§ã„ã‚‹ã“ã¨ãŒåˆ†ã‹ã‚Šã¾ã™ã€‚
ãƒã‚¹ã‚¯ç­‰ã®æ„ŸæŸ“å¯¾ç­–ã¨ãƒ¯ã‚¯ãƒãƒ³æ¥ç¨®ç‡ãŒé«˜ã„ã“ã¨ã«ã‚ˆã‚‹ã‚‚ã®ã§ã™ã€‚

æ¬§ç±³ã‚’è¦‹ç¿’ã†ã®ã§ã¯ãªãã€ã€æ—¥â€¦"
117,Roberto15980377,Pfizer did not know whether Covid vaccine stopped transmission before ro... https://t.co/FjrJMdfYm1 via @YouTube
118,MathesonVikki,RT @WSOnlineNews: Lewis said an inquiry is needed because politicians and health experts 'promised Canadians that the vax would prevent traâ€¦
119,JudeDoesntGetIt,"RT @JoyAndDefiance: I know I post this every few weeks, but it's really striking that Cuba's apparent near-total elimination of COVIDâ€”dailyâ€¦"
120,BarbiCannabis4,"RT @ErnestTokugawa: Japon: 
Le superbe message d'hommage aux non-vaccinÃ©s du General franÃ§ais Christian Blanchon, fait le tour de la planÃ¨tâ€¦"
121,LeozinhaET,"@felipeneto Jair Bolsonaro Ã© um aloprado...inconsequente, principalmente no que refere Ã  vida...Ã  Ã³bitos decorrentes de Covid."
122,rafaelagranna,RT @BlogdoNoblat: O programa de Bolsonaro na TV pega pela metade uma frase de Lula sobre a pandemia e a apresenta como prova de que Lula erâ€¦
123,ColomerDiane,@JBPritzker To bad you didn't trust Illinoisans to make their own decisions regarding masks and Covid vaccines.
124,kzinssiebroiler,"RT @AcidTidez: genuinely i want to know how people expect kids to ""un-chronic their online"" when theres literally nowhere to go outside theâ€¦"
125,FreedomFirst1st,"@Smarter84099646 More importantly - a person has to be willing to accept the truth when it intersects with their beliefs. For example: When real doctors in 2020 were being silenced by politicians and the media for having success against covid-19 with Hydroxychloroquine and Ivermectin. I said, ""?"""
126,18prankKitty,"@MaryPeltola Right, like being forced to wear a mask and get a covid vaccine.  My body my choice is the phrase used correct!! #VoteRedToSaveAmerica"
127,SoyKercho,"Ahora sÃ­... superamos el covid y sus 1000 variantes, 300 vacunas y no sÃ© cuantas gripes adjuntas y ahora viene el regreso del CÃ³lera... no vale que es eso? https://t.co/3sUXL4KrqZ"
128,KeeblrD,"@JamesBradleyCA Obamacare was suppose to allow people who work for themselves can get affordable insurance . It gave us protections like preexisting conditions, annual check ups and so many more rights for patients. Maybe all those big hospital bills from COVId raised our prices."
129,RealGood_,RT @smoke_nd_pearlz: I see people saying it  was the vaccine as if a lot of these people didnâ€™t just have Covid and LONG Covid caught up toâ€¦
130,Seska18960941,"@soylajefita Es baja, pero la hayâ€¦ Â¿Y si no se hicieron estudios al respecto, en quÃ© criterios te basabas para decir que era baja o alta? Â¿Y con quÃ© criterio sanitario se impuso entonces el nazipase Covid?"
131,vacinasim2021,RT @BlogdoNoblat: O programa de Bolsonaro na TV pega pela metade uma frase de Lula sobre a pandemia e a apresenta como prova de que Lula erâ€¦
132,moonchook70,"@bigpic222 @abcnews Not a study, and I'm not playing your game. 
https://t.co/s5mgYawCud"
133,dodegaard,I have been anticipating this with the housing market. During Covid I saw a ton of REIT and investor ads and activity. As always we see the after effects. https://t.co/45v54XfXQH
134,deblem2,RT @ChrisGurr: #Pfizer began clinical studies on their useless #covid vaccine in January 2020 just days after the pandemic had been identifâ€¦
135,BBetoRamos,"RT @tdbem: aÃ­ ""pt causou a maior crise moral do paÃ­s com o petrolÃ£o"" (palavras do estadÃ£o, pra ficar num caso recente) vira escÃ¡rnio. teveâ€¦"
136,Marybg1990,@EladAlder @boudrot_brian @RayRober2 @P_HerbMichaels @covid_parent I can't drive any longer than 30 minutes by myself anymore I hate it
137,RiverdivaNM,"RT @umairfan: Wanna hear something scary?

More Americans say they have had a personal encounter with a werewolf than have gotten the updatâ€¦"
138,lovelaa777,RT @myungjunlippie: I just hope arohas donâ€™t crowd MJ too much next timeâ€¦ COVIDâ€™s still out there and he needs his (((personal space))) â˜¹ï¸â€¦
139,practicalannie,@DanPatrick My neighborâ€™s middle-aged Republican nephew died from covid. Another of her elderly relatives is in the hospital w/ it.  Also Republican - as is my neighbor &amp; her husband who both were sick with covid for 2 months and went to hospital. None believed vaxxing or masking worked. ğŸ¤¯
140,HamzaShadid2005,"RT @an_leavy: I wasnâ€™t going to talk about this because I donâ€™t want to be boring but there is context so please persist

I had COVID in eaâ€¦"
141,glassrx1,"RT @TheRickyDavila: What a shameless hypocritical fraud GQP Elise Stefanik is, sheâ€™s touting nearly $13 Million to support rural hospitalsâ€¦"
142,to08799410,RT @AlegreBengali: ResultÃ³ mÃ¡s perjudicial para la economÃ­a el PETRO-22 que el COVID-19.
143,Wilma98864083,"@DeanSmi47962704 Thanks for that, Dean.  Youâ€™ve reinforced my decision not to have the Covid vaccine.  Iâ€™ve read so much about it recently I was so uncertain."
144,kickybarr,"RT @RespectIsVital: Welcome new followers ğŸ˜

I'm nothing special as you'll soon find out.

I have Polycythemia Vera JAK2+ (a blood cancer).â€¦"
145,leap441,"RT @EricTopol: Important update of US genomic surveillance with noteworthy transition as BA.5 fades, BQ.1.1 quickly gains, along with otherâ€¦"
146,COVID2000,@peterdaou Iâ€™m a retail pharmacist who has vaccinated over 8000 Americans against COVID - Pray for me and my staff.
147,ems_for_freedom,@FinbarMaria @westaustralian There shouldnâ€™t be in WA. We didnâ€™t have Covid here before vaccines.
148,skrytch,RT @sarperotto: @rdumont99 @SusanDavidsonM2 @JaneWin18032569 @bad_batch_rex @corman_irene @popbc @PennyDaflos @beansprouts_mom @a_longhurstâ€¦
149,xenaphon,"RT @Spiro_Ghost: Watch: Man Shows Up For Jury Duty...

Gets Thrown In Jail For Refusing To Wear A Mask...

When There Was No Mask Mandate..â€¦"
150,Connie54893403,RT @kylegriffin1: Republican Elise Stefanik is touting $12.9 million to support rural hospitals in her district. The source of that fundingâ€¦
151,BettyB2007,RT @myrabatchelder: Many people who aren't at higher risk for severe COVID are avoiding crowded indoor public spaces because they know theâ€¦
152,rakesh_jain12,"RT @zafarbashir_: 7/7
Read the exclusive report on it by @ABCaustralia 
This is happening to nobody else but to our countrymen, our #Pakistâ€¦"
153,StarshpTroopers,"Here's an excellent tutorial on the Covid vaccine's effect on your body--which no longer belongs to you according to Fauci and the ""elitists"" who seek to rule the ğŸŒ.  Jab!  ğŸ’‰ ğŸ’€ https://t.co/K0x0UBSrpQ"
154,MK_Works,@HurleyOCHUCUPE @smarterscents they are also doing dick-all to control the spread of COVID.
155,modrenews,Cancer Survivor Jeff Bridges Has A Message To The Immunocompromised That Are Worried AboutÂ COVID https://t.co/DoQrOGkFNb
156,Vancity_Bink,"RT @sarahbeth345: Every single covid vaccine mandate and passport was based on the notion that once vaccinated, a person would not get coviâ€¦"
157,SoTruth1,"El fraude y el error en los esquemas de apoyo laboral de Covid del gobierno le cuestan al contribuyente la asombrosa cantidad de Â£ 4.5 mil millones, segÃºn muestra un nuevo informe del organismo de control del gasto pÃºblico. https://t.co/kpmWpM8oFw"
158,RachelHeckert,"RT @kendrafeliciter: If I wanted to get the eight â€œfreeâ€ monthly COVID tests to which I am entitled, I would have to spend $120, fill out aâ€¦"
159,Ihatepeople414,"RT @kylenabecker: Here are the major players who told the Big Lie to the American people that Covid vaccines 'stop the spread.'

Watch andâ€¦"
160,HarrySeipp,"RT @kksheld: What shall we call the COVID 19 version of the Nuremberg trials?
They were so clever when they named their little viral creatiâ€¦"
161,StevieHachey,RT @TheoFleury14: Covid has been the greatest transfer of wealth from taxpayers to the elites in human history. The next transfer of wealthâ€¦
162,val_burke,RT @PierrePoilievre: Trudeau loves to blame COVID for his doubling the debt. But nearly 1/2 of new spending the past 2 years had no link toâ€¦
163,ajjax10952,"RT @BetoPeru4ever: So, if the vax doesn't stop transmission; and after 3-4 shots + booster, you still get covid ğŸ¤¦ğŸ»â€â™‚ï¸; what specifically arâ€¦"
164,mimoritakefumi,"RT @f_philippot: La justice ouvre une enquÃªte sur les contrats de vaccins covid passÃ©s par lâ€™UE : extra !

Il faut maintenant aussi en ouvrâ€¦"
165,CateTrousdale,"RT @EricTopol: ""There are now 95 nasal vaccines under development around the world.... 6 have reached the final Phase 3 in clinical trials.â€¦"
166,lovelaa777,RT @myvngie: iâ€™m glad people are excited to see mj but donâ€™t abuse this freedom. we could lose the opportunity to see mj up close. crowdingâ€¦
167,BarbLarochelle,"@donnelly_donna At this point, no apology could possibly be sufficiently convincing from her, because this collection of posts shows who she really is. She IS a covid-denying, anti-vax, residential schools-denier, bigot. Any apology would only be a performance."
168,Dana25417963,@covid_parent Oh hahahahaha!!! Good one
169,7SmokingGun,@jazmoore @JulietteLewis How could you possibly know that? No one can know how covid would have been if they were jabbed/unjabbed
170,ViudaAlegre13,"RT @BevanWhitfield: BQ.1.1 is among the most immune-evasive COVID variants yet. Itâ€™s coming in hot in the U.S.

https://t.co/uBQ74gCuV4"
171,markwarling3,"RT @maosbot: Most are not OK with eating a raw egg because of the 1 in 20,000 risk of Salmonellaâ€”which causes diarrhoea &amp; vomiting.

Most sâ€¦"
172,lapsed_liberal,"RT @DanielHadas2: The debate over whether, when, and to what extent lies were told about Covid vaccines preventing transmission misses a ceâ€¦"
173,JoasiaDorotka,"RT @mk1977_ewa: @hennigkloska @PL_2050 ""Podaj cegÅ‚Ä™,podaj cegÅ‚Ä™ zbudujemy nowy dom"" - Hennig-Kloska zatrudnij siÄ™ w budowlance  bÄ™dziesz poâ€¦"
174,pepemayagoitia,"RT @HectorRossete: Es muy importante que los gobiernos estatales entiendan que la pandemia no ha terminado, tienen que ser cautelosos con eâ€¦"
175,Anggita_lung,"RT @riea_mariska86: Vaksinasi berfungsi menciptakan imunitas tubuh sehingga mampu melawan infeksi virus penyebab Covid-19.

Dengan imunitasâ€¦"
176,matelotdo4,RT @TheoFleury14: Covid has been the greatest transfer of wealth from taxpayers to the elites in human history. The next transfer of wealthâ€¦
177,FordCarole,"RT @guardian: If youâ€™ve been affected by long Covid, directly or indirectly, we want to hear from you about your experience. 

You can follâ€¦"
178,darylgibson,"RT @KarenCutter4: Here's weekly deaths from COVID (doctor-certified only).  About 200 per week in May and June.
For context, in Australia wâ€¦"
179,CliviaFlor,RT @gersonsalvador: Viralizou nos grupos de mÃ©dicos de que participo um texto do colega Otelo Rigato Jr publicado na Folha em que ele iniciâ€¦
180,effies,"RT @JamesSurowiecki: People don't want to accept the reality of stories like this, because they don't want to accept the fact that Covid caâ€¦"
181,BlackEagle00001,RT @PierrePoilievre: Trudeau loves to blame COVID for his doubling the debt. But nearly 1/2 of new spending the past 2 years had no link toâ€¦
182,sureshy88720235,RT @abhishGa: #CHA stands for #CovidHealthAssistant CHA staff are the one's who risked their lives(more than 15 passed away)during COVID crâ€¦
183,Marybg1990,"@EladAlder @boudrot_brian @RayRober2 @P_HerbMichaels @covid_parent Omg that is so sad and everyone thinks it is not the jab,like I said their heads r so far up their asses they don't see or don't want to see what is happening around the world,I took a stroke after my second shot and started passing out  even behind the wheel so bad"
184,Sr_nulo,"RT @UOLNoticias: ğŸ’¬ ""VocÃª nÃ£o viu moleque morrendo de vÃ­rus por aÃ­. AlguÃ©m conhece algum filho de alguÃ©m que morreu de vÃ­rus?""

A fala, queâ€¦"
185,vettdad1046,"RT @kksheld: What shall we call the COVID 19 version of the Nuremberg trials?
They were so clever when they named their little viral creatiâ€¦"
186,tennekeyboi,"@Claudine_Nich @Arwenstar I never had Covid until like a year after taking 2 the 2 shots, not even boosted. I only get sick the same time of the year as per usual. Nothing changed except me losing 25 lbs. not sick, just changing a scenery Iâ€™m my life style lol"
187,kremen_ua,"Ğ£ ĞšÑ€ĞµĞ¼ĞµĞ½Ñ‡ÑƒÑ†Ñ– Ğ·Ğ°Ñ€ĞµÑ”ÑÑ‚Ñ€ÑƒĞ²Ğ°Ğ»Ğ¸ 96 Ğ½Ğ¾Ğ²Ğ¸Ñ… Ğ²Ğ¸Ğ¿Ğ°Ğ´ĞºÑ–Ğ² Ğ·Ğ°Ñ…Ğ²â€¦  https://t.co/YwpjicJKcr

#COVID-19 #ĞºĞ¾Ñ€Ğ¾Ğ½Ğ°Ğ²Ğ¸Ñ€ÑƒÑ #Ğ·Ğ°Ğ±Ğ¾Ğ»ĞµĞ²Ğ°Ğ½Ğ¸Ñ #ÑĞ¿Ğ¸Ğ´ĞµĞ¼Ğ¸Ğ¸ https://t.co/uPI6tQh9hu"
188,houseofcreams,@sggwans i went to java for only like six month for college (cause of covid lol) and cant even comprehend a single word when someone start talking in javanese lol
189,BenFranklin1171,"RT @SurfsBri: @kacrn91 Kelly, we are getting closer...
https://t.co/RCAYcQ0qbp"
190,kzu9868,"âœ´ï¸æ¬§å·è­°ä¼šè­°å“¡ï¼šCOVIDãƒ¯ã‚¯ãƒãƒ³è³¼å…¥ã¯ã€Œå²ä¸Šæœ€å¤§ã®æ±šè·ã‚¹ã‚­ãƒ£ãƒ³ãƒ€ãƒ«ã ã€ : 

4å„„5,000ä¸‡äººã«å¯¾ã—ã¦45å„„å›åˆ†ã‚’è³¼å…¥ã—ã¦ã„ãŸæ±šè·ã‚¹ã‚­ãƒ£ãƒ³ãƒ€ãƒ«ã§è£½è–¬ä¼šç¤¾ã®èµ·è¨´ã‚‚è­°å“¡ã¯ç™ºè¨€ã€‚
æ—¥æœ¬ã‚‚åŒã˜äº‹ãŒèµ·ãã¦ã„ã‚‹å¯èƒ½æ€§ã§å±é™ºãªPCRã¨ğŸ’‰ã‚’çµ‚ã‚ã‚‰ã›ã‚‹ç‚ºã«èª¿æŸ»ã™ã‚‹ã¹ãã§ã¯â†’ã€€#ä¸é‡å…šè­°å“¡
 https://t.co/JPirI5HqGq"
191,AngelaJim15,ğŸŒğŸ‰ğŸ’ğŸˆğŸ¥‘ğŸ‡ğŸ“ğŸğŸ¥¨ğŸğŸ³ğŸ¥šğŸ¥¨ğŸ¥©ğŸ–ğŸ—ğŸğŸ‘ğŸ¥“ğŸ¥™ğŸ‘ğŸ³ğŸ¥šğŸ¤ğŸ–ğŸ—ğŸŠğŸ‡ğŸ“ğŸ¬ğŸ«ğŸ¿ğŸ©ğŸªChinaâ€™s extreme Covid lockdowns drag down economic activity
192,NikD76,"RT @MeetJess: COVID has splintered into multiple variants globally. 

Â«Â Rinse and repeat, with billions of people around the worldÂ Â»

H/t â¦â€¦"
193,2APewPew,"@FirebrandPAC Eating ice cream. Thatâ€™s ALL heâ€™s good at and should be doing. Not foreign policy, not COVID emergencies, not touching kids. Ice cream."
194,pooryyi,"RT @catatankaqihati: Segera vaksin, agar kekebalan kelompok bisa segera terwujud dan Indonesia bisa terbebas dr covid 19.
Jangan tunda lagiâ€¦"
195,alecwhitewolf,"RT @keetmuise: Pretty much any tweet about anything safe, even if itâ€™s not Covid related, is met with â€œbut the vaccinesâ€, or â€œthe jab is poâ€¦"
196,edhyde,"RT @Dianne_Khan: So there's a ""Wellington Wave"" of Covid. And term 4 starts tomorrow with no mask requirements. And I'm still unable to breâ€¦"
197,TiffaniTina,RT @XHNews: China's measures to tackle the COVID-19 epidemic are the most cost-effective and have worked the best for the country: spokespeâ€¦
198,RosDMac,"@GOP @RNCLatinos (4) The sad part about the 900K trumpâ€™s supporters who die totally unnecessarily,  most were on the ventilators begging for the vaccine, &amp; when doctors &amp; nurses explained it was too late, most argued that they were dying from COVID, not wanting to admit Hoodwinked &amp; Bamboozled."
199,CtIsabelle2,"RT @Pat77432407: 75% des QuÃ©bÃ©cois ont contractÃ© le virus selon l'Ã©tude.

Un vaccin trÃ¨s efficace contre l'infection au point de recommandeâ€¦"
200,Eva_OhFrThLvFGd,@Hollywood1114 @john_linnus @Chart_Chick @MatthewPettipa1 Where did I say â€œI knew before drs knew that Covid was transmissibleâ€? Pls snapshot that and post it for me. I donâ€™t know where ur heads at but I feel like Iâ€™m talking to a mental patient.
201,wessexgardner1,@CTVNews Covid has been highlighted by non-scientific process and pure political lying. It's lesson might be the deterioration of social governance to relative quackery.
202,guriaantifa,"RT @o_antagonista: Covid: Brasil tem mÃ©dia de 44 mortes diÃ¡rias, diz Conass
https://t.co/iSwvKZv8jh"
203,MauraArteaga3,"RT @Frankcastiblan: #PoetasDePazEnVenezuela
Cuidate del covid y cuida de tus seres queridos.."
204,TiaAlexandria4,"RT @LionAdvocacy: Apparently 80 kids waiting in the SickKids ER last night, some for 8+ hours, 1 doc on duty.
CEO makes close to $800k (&amp; bâ€¦"
205,twistedmic24,"@kwok_xian A patient died of covid this time last year. Iâ€™d talked to her several times about getting vaccinated, but she wouldnâ€™t do it. ğŸ˜¢"
206,gargamel191,"@wa_cavedweller So sorry! ğŸ’”
Please check out detox protocols!  Many injured are having success!  Dont give up - it might take some time to find YOUR solution!  Godspeed! ğŸ™

Dr Grouf
Niacin**cures**covid**DD OO TT CCOOMM
(Sorry for code-talk our bs-twats dont like this shared)"
207,LeafOnTheWind89,RT @courtneymilan: I just saw a tweet in which someone was scoffing at COVID protections by saying â€œare you afraid of dying in a car accideâ€¦
208,RsistanceFR5,"RT @PinsolleT: Dr Peter McCullough : ""Avant les vaccins contre le Covid, 4 cas de myocardite sur un million, par la suite, 25 000 sur un miâ€¦"
209,Jwebb13646891,How they spread the Covid https://t.co/jOyOGKSe4F
210,FredColley5,"@SuzieSm28138769 @NaphiSoc @danaparish Correct , informed consent, never coercion as has been done with the COVID ğŸ’‰which has proven to be ineffective at stopping infection or transmission, as I said we were all lied to"
211,Concerning709,@juanitamercer_ Since covid I've been very into politics and I am ğŸ¤¨ 24/7
212,marcoswealth,"RT @rochaperiodista: Dice Carlos MarÃ­n que si no fuera por la ""envidiable revelaciÃ³n"" de Carlos Loret de los informes Guacamaya no sabrÃ­amoâ€¦"
213,DocumentCOVID,RT @Cernovich: Official fact checkers are claiming that no one said that the vaccine would prevent the transmission and spread of Covid.â€¦
214,darylgibson,"RT @KarenCutter4: In the six months to June, total excess of 11,200 deaths (13%):
- half due to COVID-19 (98 from long Covid)
- respiratoryâ€¦"
215,graycityparrot,@hammer_peen @nemononicon @AmerAcadPeds @chrischirp @PeterHotez Stop comparing Covid and the flu.
216,meursaultshero,"RT @MichaelWarbur17: When Australian farmer Ben Jackson couldnâ€™t attend his Auntâ€™s funeral in 2021 due to Covid restrictions, he laid out gâ€¦"
217,take2011japan,RT @nagunagumomo: ãƒ¢ãƒ‡ãƒ«ãƒŠãŒãƒ•ã‚¡ã‚¤ã‚¶ãƒ¼ã‚’ç‰¹è¨±ä¾µå®³ã§è¨´ãˆã¦ã„ã‚‹éç¨‹ã§ã€ãƒ¢ãƒ‡ãƒ«ãƒŠãŒ2013å¹´ã®æ™‚ç‚¹ã§æ–°å‹ã‚³ãƒ­ãƒŠã‚¦ã‚¤ãƒ«ã‚¹(Covid-19)ã‚’ä½œæˆã€ãã®ã‚¦ã‚¤ãƒ«ã‚¹ã®ä¸€éƒ¨ã‚’ç‰¹è¨±åŒ–ã—ãŸã¨ã„ã†äº‹å®ŸãŒå…¬å¼æ–‡æ›¸ã§æ˜ã‚‰ã‹ã«ãªã£ãŸã€‚ã“ã‚Œã¯ã€æ–°å‹ã‚³ãƒ­ãƒŠã‚¦ã‚¤ãƒ«ã‚¹ã‚’ãƒ¢ãƒ‡ãƒ«ãƒŠãŒå®Ÿè³ªçš„ã«æ‰€æœ‰â€¦
218,kmaron14,RT @PierrePoilievre: Trudeau loves to blame COVID for his doubling the debt. But nearly 1/2 of new spending the past 2 years had no link toâ€¦
219,jwi_laluna,"RT @anonymousmysc: The bad things NCT Dream faced this year:

- 2 members got covid in the first week of Beatbox promotion
- 2 members gotâ€¦"
220,DLUnwin,RT @asifintoronto: Whatâ€™s most absurd about @JohnTory blaming the state of Toronto on the pandemic is that other â€œworld-classâ€ cities donâ€™tâ€¦
221,davidr8203,"RT @mildanalyst: Itâ€™s happening ğŸ”¥

Masks recommended in Pittsburgh Public Schools as COVID community level rises  https://t.co/qXSsYJie92"
222,spacraig,"RT @sarahbeth345: Wait. Has the message from COVID Twitter now shifted to, â€œthey never said it prevents infection or transmission, and youâ€¦"
223,abimael83,"RT @BeatrizTalegon: Video 1 de 2. A mi me parece muy bien que deis esta informaciÃ³n asÃ­, a toda prisa y tratÃ¡ndonos de conspiranoicos gilipâ€¦"
224,BettyB2007,"RT @myrabatchelder: Reminder, people you see out at parties, concerts, restaurants, etc are an incredibly biased sample!! 

Many people atâ€¦"
225,jeffm1981,"@KarLeia Covid is not a mass disabling event. If you are vaccinated, the odds of you becoming *disabled* are about the same as for influenza or any other viral infection."
226,mstandaert,â€˜Heroâ€™: Chinaâ€™s pandemic seen through three COVID-stricken cities https://t.co/jHRs8N0FSe via @thechinaproj
227,pooryyi,"RT @catatankaqihati: Setelah melandainya pandemi covid 19, dan Arab saudi sudah mulai menerima jamaah umroh dan gaji, Bandara Kertajati Jawâ€¦"
228,Skyebright8,"RT @Indysky5: I confirm #TomSturridge being the sweetest, loveliest person of the whole NYCC2022, hugging and greeting ALL of his fans withâ€¦"
229,z_man_j,@Gtyndall @greggnunziata Capitol riot; destruction of faith in Democracy; steep rise in violent crime; Muslim ban; kids in cages; ten million jobs lost; far higher COVID death rates than most of world; race riots; horrific mass shootings; trillions in new debt. And would be far worse term two.
230,seamusharper221,RT @ChristinaPushaw: This person spread Covid disinformation but it wasnâ€™t censored because heâ€™s a liberal https://t.co/ewE1T5pOdx
231,Christilynn_513,"I hate that he is using this to lie about covid, however this is how death certificates must be written and my mother's is absolute fraud as are many
Check out Eric's video! #TikTok https://t.co/GeuEPJHpuW"
232,LizWinton,RT @kylegriffin1: Republican Elise Stefanik is touting $12.9 million to support rural hospitals in her district. The source of that fundingâ€¦
233,rpajaiset2020,"RT @Uutis_huone: EU:n parlamentin jÃ¤sen - ""Covid-rokotteiden kliiniset kokeet aloitettiin ennen pandemiaa, miten se on mahdollista?""

TÃ¤hÃ¤nâ€¦"
234,AlexClapClap,"RT @HMaler: Ã‰coutez les bavards de audiovisuel parler de ""risques de contagion"", comme s'il s'agit du Covid,  Ã  propos du mardi interprofesâ€¦"
235,adahen,@solid304 @Captaincoby00 A General from the Armed Forces I know could not understand why people were freaking out a shot. When he had to travel around the world he had to get more then one. Part of the job and getting the covid vaccine saves others too.
236,CSambo,"RT @MIKITO_777: ã“ã‚ŒãŒ

ãƒ»ãƒã‚¹ã‚¯ç€ç”¨ã¨ãƒ¯ã‚¯ãƒãƒ³æ¥ç¨®ç‡ãŒä¸ååˆ†ã ã£ãŸå›½ï¼ˆç±³å›½ï¼‰

ãƒ»ãƒã‚¹ã‚¯ç€ç”¨ç‡ãŒé«˜ãã€è¿½åŠ æ¥ç¨®ã‚‚ã—ã£ã‹ã‚Šã—ãŸå›½ï¼ˆæ—¥æœ¬ï¼‰

ã®COVIDã«ã‚ˆã‚‹æ­»äº¡è€…æ•°ã®æ¯”è¼ƒã§ã™ã€‚
åœ§å€’çš„ãªå·®ã«ãªã£ã¦ã„ã¾ã™ã€‚ https://t.co/qSiMdfcuTZ"
237,qkinacoq,"RT @akahiguma: ğŸ˜ ğŸ˜ ğŸ˜ ğŸ‘

ã€ç·Šæ€¥é€Ÿå ±ã€‘
æ¬§å·è­°ä¼šè­°å“¡ã€COVID-19ãƒ¯ã‚¯ãƒãƒ³ã‚’ã€Œå½ç‰©ã€ã¨ç™ºè¨€ - åŠ¹æœãªã— - å¥‘ç´„è§£é™¤ã¨ãƒ•ã‚¡ã‚¤ã‚¶ãƒ¼ã‚’èµ·è¨´ã›ã‚ˆ!

*****FLASH***** URGENT - European Member of Parliament Sâ€¦"
238,Bastgoddess7,RT @mildanalyst: Covid 19: Another wave risks hundreds more deaths this year  https://t.co/b1bu2nucS6
239,HMC93,RT @SharylAttkisson: CDC forced to turn over 'v-safe' data on Covid-19  vaccines raising new questions https://t.co/13hSIzG0i5
240,pooryyi,RT @AlshaibaShihab: Pemerintah menjamin semua merek vaksin yg ada di Indonesia aman dan efektif melawan COVID-19. Jd tdk perlu ragu &amp; takutâ€¦
241,GudeWheel,RT @MazvitaJames: â€œYOUâ€™RE NOT GOING TO GET COVID IF YOU HAVE THESE VACCINATIONSâ€ is what was said though ğŸ¤¡ğŸ¤¡ğŸ¤¡ğŸ¤¡ https://t.co/k1U9Zx2j6P
242,Jingo57,RT @kylegriffin1: Republican Elise Stefanik is touting $12.9 million to support rural hospitals in her district. The source of that fundingâ€¦
243,sharonb61337475,"RT @TheRickyDavila: What a shameless hypocritical fraud GQP Elise Stefanik is, sheâ€™s touting nearly $13 Million to support rural hospitalsâ€¦"
244,Godsholygate,RT @Hxcp6: https://t.co/s1XZVhNdi5
245,DoeEyesJK,Dynamite was the song that got me through 2020 covid lockdown year
246,dementiarehab,"RT @ChristyCeeCK: Moore needed msging like this this week:

""I want to speak to Ontarians 50+ here. So many of you stepped up to get 3 doseâ€¦"
247,wolters_ann,RT @ZackStieber: The U.S. Food and Drug Administration (FDA) is refusing to release the results of autopsies conducted on people who died aâ€¦
248,WhenISayJ,RT @Helenreflects: Have you received the covid fall booster? (interested to see how my wider social media circle differs from the figures Iâ€¦
249,IkKVzuxSVJ4yA8y,"RT @Camille_Dyalan: ã‚¨ã‚¤ã‚ºã®å°‚é–€å®¶ãŒæ²¢å±±æ­»ã‚“ã§ã„ã¾ã™ã€‚

COVID-19ãƒ‘ãƒ³ãƒ‡ãƒŸãƒƒã‚¯ã®çœŸç›¸ã‚’ç©¶æ˜ã—ã€å›½æ°‘ã®ãŸã‚ã«å°½ãã—ã¦ããŸå¤§çµ±é ˜ã‚‚ä¸å¯©æ­»ã—ã¦ã„ã¾ã™ã€‚ https://t.co/308A90dZY4"
250,JavierM32530857,RT @indignadocol1: Una funcionaria de Pfizer admite ante el Parlamento europeo que la vacuna COVID no fue probada para certificar que evitaâ€¦
251,pooryyi,"RT @AlshaibaShihab: Pandemi covid-19 blm usai
Utk itu masyarakat dihimbau segera melengkapi vaksinasi utk membentuk kekebalan tubuh shg dptâ€¦"
252,jvuk1hotmailcom,@BrendaLWood1970 @DuaneDawson6 https://t.co/ar3P1LI1qA
253,commiejudoka,"@laymagdalene @fkamorena huge agree, exertion even seems to be deadly in post-covid situations... lots of athletic dropping dead after covid"
254,FordCarole,"RT @guardian: Long Covid has been called a â€œmass disabling event,â€ and research backs this assertion. 

A meta-analysis found that, worldwiâ€¦"
255,meow2438,"RT @DrEricDing: Let this sink inâ€”Black people are more likely to know someone who died of #COVID. As result, African-Americans support wearâ€¦"
256,blz_re,RT @julianadalpiva: Que tristeza ver uma jornalista no horÃ¡rio eleitoral ajudar a difundir a mentira de que o Brasil nÃ£o poderia ter iniciaâ€¦
257,cryptounter,"RT @helvetico2: Metallica y su Ãºltimo disco del aÃ±o 2017 donde en el tema q da nombre al disco q es 'spit out the bone', en el videoclip seâ€¦"
258,district12kitty,"Over two years later and it pains me to report that the majority of people, including Democrats with Biden leading the charge, became desensitized to mass death from covid and gave up on protecting the vulnerable within our population. https://t.co/dD7uYvxDKM"
259,WVERITASW,RT @guyfawkes2_0: Alcuni followers mi chiedono il perchÃ© non sto aprendo gli spaziâ€¦ ma la vedete la follia dilagante sulla TL? tutti a scanâ€¦
260,LNORTL,"@TomPark1n @DavidHamer_1951 Canadians believe in Canada, Saudis always on a buying spree world wide, Harper, Trump bought into it, Conservatives are weak, cannot even protect Canadians from Covid, donâ€™t mask, donâ€™t vaccinate , itâ€™s over, so bloody out of it, protect your Family, vaccinate and mask"
261,vittorlnx,RT @julianadalpiva: Que tristeza ver uma jornalista no horÃ¡rio eleitoral ajudar a difundir a mentira de que o Brasil nÃ£o poderia ter iniciaâ€¦
262,ShellyKerr15,RT @DrEricDing: âš ï¸Scoopâ€”MOTHER OF GODâ€”Just got this leak from CDC-insider sourceâ€”it seems #COVID variants worse than CDC has been admittingâ€¦
263,JamesSurowiecki,@assahollah2 @kknnaabb @AWokeZombie @snorman1776 @bets_fantasy @SurelyVoter @Mitch___Lowe @TheDataCage @RightSkeptic @AlexBerenson What will happen in the future to change our view of the Covid response? What new data is going to emerge that we don't have?
264,jstinbiebrsy,RT @delucca: 700 mil mortos pela COVID-19 / AtuaÃ§Ã£o no horÃ¡rio eleitoral https://t.co/v1LUrJwc0O
265,karnstalk,got my covid booster today and my thumb swelled up lol
266,javiescobedocas,"RT @Mike_Oviedo: Hace un aÃ±o @DeniseDresserG crÃ­ticaba que AMLO comprara la vacuna rusa Sputnik por no estar autorizada, como una especie dâ€¦"
267,dennys_santoyo,RT @KarlenRC: #Cuba fue de los primeros paÃ­ses en vacunar a su poblaciÃ³n contra la Covid -19  con fÃ¡rmacos propios. Ese esfuerzo y el resulâ€¦
268,Skicalgary1,"RT @MichaelWarbur17: When Australian farmer Ben Jackson couldnâ€™t attend his Auntâ€™s funeral in 2021 due to Covid restrictions, he laid out gâ€¦"
269,adriel_rose,"RT @KarLeia: COVID is a disability rights issue.

COVID is a mass disabling event.

COVID precautions (protections) are a form of accessibiâ€¦"
270,quiproquooooo,"RT @fabioirodrigues: Cada intubaÃ§Ã£o que participei, cada prona que realizei, cada dor que causei quando aspirei os pacientes, cada choro deâ€¦"
271,RicardLopez123,"ğŸ‘‰Nos encontramos ante un nuevo caso de misterio,  no interesa que se sepa que el Covid puede causar bronquiolitis!!  

Como ya pasÃ³ con las hepatitis, el MIS-C al principio, etc.

En EspaÃ±a pues ya sabemos en niÃ±os no existe el Covid! Inmunidad natural, estamos permitiendo ğŸ¤¦â€â™€ï¸"
272,DesmondHonk,@sidra_cascadia @smagamike @MIAuniverse Dying â€œwithâ€ Covid is very different than â€œfromâ€ covid. The data has been lying about this essential difference all along. Youâ€™re counted as an unvaccinated death if you die within 2 weeks from the shot.
273,PPeach42,Lembro da BGS 2019 a qual todos pegamos gripe sem saber que era covid ainda.. ğŸ˜ª
274,OrealMendoza,"I love restricting peoples freedoms 

I love freezing bank accounts 

I love masking alone 
I believe the Covid-19 vaccination  will prevent transmissions 

 #FreeDumbConvoy"
275,NotoriousNewill,"RT @DeeBlockDavo: That Monkeypox shit flopped terribly
COVID was out here averaging a triple double"
276,leap441,"RT @MeetJess: BQ.1.1 is among the most immune-evasive COVID variants yet. 

It's coming in hot in the U.S. 
Buckle up folks â€¦ https://t.co/â€¦"
277,BillSuns,"China reports 1,026 new COVID cases for Oct 15 vs 1,364 a day earlier https://t.co/csc3ENiPJv https://t.co/jpYpVtfwCR https://t.co/wuRr6QeYoj"
278,SR_WC_,"RT @DeeBlockDavo: That Monkeypox shit flopped terribly
COVID was out here averaging a triple double"
279,_shelse_,"RT @VABVOX: In addition to my series in April on #LongCovid, I reported this last month. Please don't risk it--#GetVaccinated. What peopleâ€¦"
280,xp32D_2022,RT @EnemyInAState: The Western media likes to tell us that high inflation is a result of Covid safety measures and that it's happening globâ€¦
281,RicardLopez123,"ğŸ‘‰ #ProtectOurChildren 

â–¶ï¸ Existen las bronquiolitis de etilogÃ­a (causadas) por el Covid?? 

""El aumento de casos de VRS, un virus que puede enfermar gravemente a los bebÃ©s, estÃ¡ llenando las camas de los hospitales"" https://t.co/aYEAZckLQg"
282,Ev_dog1,@bojackhorsemeat @071165 @CBCNews I could have been run over by a truck and they would call it covid back then. ğŸ˜‚Give me a break
283,FordCarole,RT @guardian: We want to give the millions of people living with long Covid a voice. So weâ€™ve launched a new global series â€“ Living with loâ€¦
284,nickson_ogwang,"RT @nickson_ogwang: The president claimed that ""the pandemic is over"", but the extension of the public health emergency and the large numbeâ€¦"
285,TnAlistair,"@crabb_vicki For starters. 

Then there is the issue of specificity for what? 

In the context of covid testing analytical specificity applies to viral RNA. 

Diagnostic applies, at the minimum, to infection. 

In practice, it actually applies to infectiousness."
286,IronJoeBro,"RT @AcidTidez: genuinely i want to know how people expect kids to ""un-chronic their online"" when theres literally nowhere to go outside theâ€¦"
287,msc2755,"RT @WebMD: With health officials saying a winter spike in COVID-19 cases is possible, the Biden administration this week extended the COVIDâ€¦"
288,Matculture,"@Maddy_J26 @veronicaromm I have never had Covid..I had all Moderna until the new booster, I had Pfizerâ€¦"
289,MARCOSJOODESOU3,"RT @CissaBailey: ğŸ”¥ğŸ”¥- Membro do Parlamento Europeu: â€œOs testes clÃ­nicos de vacinas de Covid comeÃ§aram antes da pandemia, como isso Ã© possÃ­veâ€¦"
290,Godsholygate,"RT @BuckSexton: Now they admit the vaccines were never going to stop transmission, Pfizer knew this all along, none of them feel any shameâ€¦"
291,CraigWtweets,"RT @criprights: The government public health approach to the pandemic is now this.

Hear no evil - no data or reporting on Covid, no mediaâ€¦"
292,chriswpete,"@VABVOX Flu shot, covid booster, both done."
293,babya2wet,So this happen today I took 3 they all came back like this then I took another brand and it was negative yall think I got Covid yes or no ? Mind u i let someone use 1 test in this pack and it was negative https://t.co/tVtaDvqjIr
294,yasuokajihei,"RT @hiroshi3517: ã€è¶…é‡è¦ã€‘
ã‚¢ãƒ¡ãƒªã‚«DARPAï¼ˆå›½é˜²é«˜ç­‰ç ”ç©¶è¨ˆç”»å±€ï¼‰ã‹ã‚‰æ¼ã‚ŒãŸè»äº‹æ©Ÿå¯†æ–‡æ›¸ã€‚

ã€ã‚¤ãƒ™ãƒ«ãƒ¡ã‚¯ãƒãƒ³ï¼ˆ2020å¹´4æœˆã«æ²»ç™‚è–¬ã¨ã—ã¦ç‰¹å®šã•ã‚ŒãŸï¼‰ã¯ã€ã‚¦ã‚¤ãƒ«ã‚¹è¤‡è£½ã‚’é˜»å®³ã—ã€å…ç–«å¿œç­”ã‚’èª¿ç¯€ã™ã‚‹ãŸã‚ã€ç—…æ°—ã®ã™ã¹ã¦ã®æ®µéšã§æ©Ÿèƒ½ã—ã¾ã™ã€
https://t.câ€¦"
295,ROSMAMAC,RT @ArturoErdely: ğŸ§µ Ayer fui y regresÃ© de Estados Unidos para ponerme el refuerzo actualizado contra COVID-19 (bivalent booster). Muchas grâ€¦
296,AlvaradoAmeris,"RT @Mippcivzla: ğŸ—£ï¸ Â¡ğ„ğ’ ğ‚ğğğ“ğˆğ†ğ!âœï¸ğŸ‡»ğŸ‡ª
El sÃ­ndrome respiratorio agudo severo es causado por la Covid-19 por eso debemos usar con mucha frecuenâ€¦"
297,luferran76,"RT @LeonelRadde: Felipe Neto foi certeiro.

Bolsonaro MENTIU MAIS UMA VEZ desprezou todas as crianÃ§as que morreram por Covid-19. Por causaâ€¦"
298,UnoPacifico,RT @delucca: 700 mil mortos pela COVID-19 / AtuaÃ§Ã£o no horÃ¡rio eleitoral https://t.co/v1LUrJwc0O
299,theeb,RT @MarinerMuse: Iâ€™ve been at Sluggerâ€™s for 6 hours. This is not a place you should be for 6 hours. Iâ€™m definitely getting Covid.
